<?xml version="1.0" encoding="UTF-8"?>
<profiles version="12">
  <profile kind="CodeFormatterProfile" name="GoogleStyleCloseToGJF" version="12">

    <!-- === Général === -->
    <setting id="org.eclipse.jdt.core.formatter.tabulation.char" value="space"/>
    <setting id="org.eclipse.jdt.core.formatter.tabulation.size" value="2"/>
    <setting id="org.eclipse.jdt.core.formatter.indentation.size" value="2"/>
    <setting id="org.eclipse.jdt.core.formatter.lineSplit" value="100"/>

    <!-- === Espacements === -->
    <setting id="org.eclipse.jdt.core.formatter.insert_space_before_opening_paren_in_method_declaration" value="do not insert"/>
    <setting id="org.eclipse.jdt.core.formatter.insert_space_before_opening_paren_in_method_invocation" value="do not insert"/>
    <setting id="org.eclipse.jdt.core.formatter.insert_space_after_comma_in_method_invocation_arguments" value="insert"/>
    <setting id="org.eclipse.jdt.core.formatter.insert_space_after_comma_in_method_declaration_parameters" value="insert"/>
    <setting id="org.eclipse.jdt.core.formatter.insert_space_after_opening_paren_in_if" value="do not insert"/>
    <setting id="org.eclipse.jdt.core.formatter.insert_space_before_closing_paren_in_if" value="do not insert"/>

    <!-- === Sauts de ligne et alignement === -->
    <setting id="org.eclipse.jdt.core.formatter.alignment_for_parameters_in_method_declaration" value="16"/>
    <setting id="org.eclipse.jdt.core.formatter.alignment_for_arguments_in_method_invocation" value="16"/>
    <setting id="org.eclipse.jdt.core.formatter.alignment_for_binary_expression" value="16"/>
    <setting id="org.eclipse.jdt.core.formatter.alignment_for_conditional_expression" value="16"/>
    <setting id="org.eclipse.jdt.core.formatter.alignment_for_expressions_in_array_initializer" value="16"/>

    <setting id="org.eclipse.jdt.core.formatter.keep_empty_array_initializer_on_one_line" value="true"/>
    <setting id="org.eclipse.jdt.core.formatter.keep_simple_if_on_one_line" value="false"/>
    <setting id="org.eclipse.jdt.core.formatter.keep_simple_for_on_one_line" value="false"/>
    <setting id="org.eclipse.jdt.core.formatter.keep_simple_while_on_one_line" value="false"/>
    <setting id="org.eclipse.jdt.core.formatter.keep_then_statement_on_same_line" value="false"/>
    <setting id="org.eclipse.jdt.core.formatter.keep_else_statement_on_same_line" value="false"/>

    <!-- === Accolades === -->
    <setting id="org.eclipse.jdt.core.formatter.brace_position_for_type_declaration" value="end_of_line"/>
    <setting id="org.eclipse.jdt.core.formatter.brace_position_for_method_declaration" value="end_of_line"/>
    <setting id="org.eclipse.jdt.core.formatter.brace_position_for_block" value="end_of_line"/>
    <setting id="org.eclipse.jdt.core.formatter.brace_position_for_lambda_body" value="end_of_line"/>

    <!-- === Lignes vides === -->
    <setting id="org.eclipse.jdt.core.formatter.blank_lines_before_package" value="0"/>
    <setting id="org.eclipse.jdt.core.formatter.blank_lines_after_package" value="1"/>
    <setting id="org.eclipse.jdt.core.formatter.blank_lines_before_imports" value="1"/>
    <setting id="org.eclipse.jdt.core.formatter.blank_lines_between_type_declarations" value="1"/>
    <setting id="org.eclipse.jdt.core.formatter.blank_lines_between_members_in_type" value="1"/>
    <setting id="org.eclipse.jdt.core.formatter.blank_lines_after_javadoc" value="0"/>

    <!-- === Commentaires et Javadoc === -->
    <setting id="org.eclipse.jdt.core.formatter.comment.format_line_comments" value="true"/>
    <setting id="org.eclipse.jdt.core.formatter.comment.format_block_comments" value="true"/>
    <setting id="org.eclipse.jdt.core.formatter.comment.format_javadoc_comments" value="true"/>
    <setting id="org.eclipse.jdt.core.formatter.comment.line_length" value="100"/>
    <setting id="org.eclipse.jdt.core.formatter.comment.format_header" value="true"/>
    <setting id="org.eclipse.jdt.core.formatter.comment.clear_blank_lines_in_javadoc_comment" value="false"/>
    <setting id="org.eclipse.jdt.core.formatter.comment.indent_root_tags" value="true"/>
    <setting id="org.eclipse.jdt.core.formatter.comment.indent_parameter_description" value="true"/>
    <setting id="org.eclipse.jdt.core.formatter.comment.align_tags_descriptions" value="true"/>
    <setting id="org.eclipse.jdt.core.formatter.comment.format_html" value="true"/>
    <setting id="org.eclipse.jdt.core.formatter.comment.remove_trailing_whitespaces_in_comment" value="true"/>
    <setting id="org.eclipse.jdt.core.formatter.comment.new_lines_at_javadoc_start" value="true"/>
    <setting id="org.eclipse.jdt.core.formatter.comment.new_lines_at_javadoc_end" value="true"/>

    <!-- === Divers === -->
    <setting id="org.eclipse.jdt.core.formatter.number_of_empty_lines_to_preserve" value="1"/>
    <setting id="org.eclipse.jdt.core.formatter.join_wrapped_lines" value="true"/>
    <setting id="org.eclipse.jdt.core.formatter.comment.format_source_code" value="true"/>
    <setting id="org.eclipse.jdt.core.formatter.comment.clear_blank_lines_in_block_comment" value="false"/>

  </profile>
</profiles>
